ccd_id,atom_ids_changed
004,Y
00C,Y
00E,N
00I,N
00S,N
011,Y
01B,Y
01W,Y
02A,Y
02G,Y
02J,Y
02K,N
02N,N
02V,Y
02Y,Y
03E,Y
03O,N
03Y,N
04D,Y
04Q,Y
04X,Y
05N,Y
05O,Y
05W,Y
060,Y
06E,N
08M,Y
0A0,Y
0A1,Y
0A9,Y
0AF,Y
0AK,Y
0AR,Y
0BN,Y
0CS,N
0DQ,N
0E5,Y
0EA,Y
0EH,Y
0FL,Y
0HQ,N
0JT,Y
0JU,Y
0JY,Y
0LF,Y
0MG,Y
0OB,N
0QE,N
0QZ,N
0TD,Y
0TJ,N
0UO,Y
0UZ,Y
0W6,Y
0WZ,Y
0XL,Y
0XM,N
0XN,N
0XO,Y
0XQ,Y
0Y8,Y
0Y9,Y
0YA,N
0YG,Y
11Q,Y
13E,Y
175,Y
192,Y
193,Y
19W,Y
1AC,N
1C3,Y
1E3,Y
1HB,Y
1HD,Y
1JM,Y
1KC,Y
1MH,Y
1OL,Y
1OP,Y
1PA,N
1QI,Y
1TQ,N
1TX,Y
1TY,N
1U8,Y
1VR,Y
1XY,N
1Y6,N
1ZN,Y
200,N
22G,Y
22Q,N
22W,Y
23F,Y
23P,Y
23S,Y
24M,Y
24O,Y
28H,N
28J,Y
28K,N
2A1,Y
2AG,N
2AS,N
2CO,N
2DO,Y
2GX,Y
2HF,N
2IQ,Y
2JH,Y
2JN,Y
2KT,Y
2KY,Y
2L5,Y
2L6,Y
2LT,N
2ML,N
2MR,N
2MT,N
2N2,N
2OP,Y
2OR,Y
2QY,Y
2QZ,Y
2R1,Y
2R3,Y
2RA,N
2RX,Y
2SO,N
2TL,N
2TY,N
2UC,N
2UE,N
30F,Y
32L,Y
32S,Y
32T,Y
33S,Y
33X,N
34E,N
34H,N
3A0,Y
3A5,Y
3AZ,Y
3BY,N
3CF,Y
3CT,N
3EG,N
3FB,Y
3FG,Y
3GL,Y
3MY,Y
3PA,N
3PX,Y
3QN,Y
3TY,Y
3U0,N
3V2,Y
3V3,Y
3V8,Y
3WS,N
3WT,Y
3WU,Y
3WX,N
3YM,Y
3ZH,Y
40A,Y
40C,Y
40G,Y
40T,Y
41H,Y
41Q,Y
42Y,Y
432,Y
45F,N
45W,Y
4AF,Y
4AK,N
4AR,Y
4AW,N
4BA,Y
4BF,Y
4CF,Y
4CG,Y
4CY,Y
4D4,Y
4DB,Y
4DP,N
4F3,Y
4FB,Y
4FO,Y
4FU,Y
4FW,N
4G6,Y
4H0,N
4HH,N
4HL,N
4HP,N
4HT,N
4II,Y
4IN,Y
4J2,Y
4J5,Y
4KY,N
4L0,Y
4LJ,N
4LT,N
4LZ,Y
4M9,Y
4MM,Y
4NT,Y
4NU,Y
4OG,Y
4OU,Y
4PH,N
4PQ,Y
4QK,Y
4V0,Y
4WQ,Y
51T,Y
54C,Y
55I,Y
56A,Y
56J,N
5BV,Y
5CT,Y
5CW,N
5DW,Y
5F0,Y
5GG,Y
5GM,Y
5JP,N
5MW,Y
5OH,Y
5OL,Y
5OM,Y
5OW,Y
5PG,N
5PV,N
5R0,N
5R5,N
5SQ,Y
5T3,Y
5VV,Y
5XU,Y
5ZA,Y
60F,Y
60H,N
62H,Y
65T,N
66C,Y
66D,Y
66E,Y
69P,N
6A0,Y
6BR,Y
6CL,N
6CV,N
6CW,N
6D6,N
6DN,N
6DU,Y
6FL,N
6J9,N
6KM,Y
6L3,N
6RK,Y
6V9,Y
6VA,Y
6VF,Y
6VO,Y
6ZS,Y
707,N
73C,Y
73N,Y
73O,Y
73P,Y
74P,Y
7BB,Y
7C9,Y
7CC,Y
7ID,N
7MD,Y
7N8,Y
7NF,N
7NW,Y
7NX,N
7O5,Y
7OZ,N
7R0,Y
7R6,Y
7SF,N
7WJ,Y
7XC,N
81R,Y
81S,Y
823,Y
8BB,Y
8LJ,Y
8MC,N
8RE,N
8SN,Y
92B,Y
99Y,Y
9AC,N
9BB,Y
9DK,N
9DQ,Y
9DT,Y
9DW,Y
9E7,N
9EV,Y
9FB,Y
9FZ,Y
9G2,Y
9IJ,Y
9KK,N
9KP,Y
9PR,Y
9R1,Y
9R4,Y
9R7,Y
9RI,Y
9V7,N
9VA,N
9WV,Y
9XQ,N
A0A,Y
A0G,Y
A1G,Y
A30,N
A3U,N
A5N,Y
A5R,Y
A8E,Y
AA1,Y
AA4,N
ABA,Y
ABN,N
ABU,Y
AC5,Y
ACA,Y
ACB,N
ACE,N
AFC,N
AG2,N
AGD,Y
AGM,N
AGQ,N
AHB,N
AHH,Y
AHO,Y
AHP,N
AIB,Y
AJE,Y
AKK,N
AKR,N
AKZ,N
ALA,N
ALC,N
ALN,N
ALO,N
ALQ,N
ALS,N
ALT,N
ALV,N
ALY,Y
ANN,N
APD,Y
API,Y
APN,Y
APY,N
AR0,Y
AR7,N
ARG,N
ARM,N
ARO,N
ASA,Y
ASB,Y
ASJ,Y
ASL,Y
ASN,N
ASP,N
ASX,N
AUX,Y
AY0,N
AZ1,Y
AZH,Y
AZK,N
B27,Y
B2A,Y
B2C,Y
B2F,Y
B2H,Y
B2I,Y
B2N,Y
B2V,Y
B3A,Y
B3D,Y
B3E,Y
B3K,Y
B3L,Y
B3M,Y
B3Q,Y
B3S,Y
B3T,Y
B3U,N
B3X,Y
B3Y,Y
B8R,Y
BAL,N
BB6,Y
BB7,Y
BB8,Y
BB9,Y
BBC,Y
BBS,N
BCS,N
BCX,Y
BE2,Y
BET,Y
BF6,Y
BF7,Y
BF9,Y
BFD,N
BH2,Y
BHD,N
BIF,N
BIL,Y
BIU,Y
BJF,Y
BJO,Y
BLE,Y
BMT,N
BNO,Y
BOC,N
BOR,Y
BP4,N
BP5,Y
BSE,Y
BTK,N
BTR,N
BVK,N
BW5,Y
BWV,Y
BYR,N
BZK,Y
C0F,Y
C0O,Y
C12,Y
C1J,Y
C1X,Y
C4G,Y
C4R,Y
C67,Y
C6D,Y
C99,Y
C9K,N
C9N,N
CAF,N
CAS,N
CCS,N
CCY,Y
CDE,N
CE7,N
CEV,N
CF0,N
CFD,Y
CFY,Y
CG6,Y
CGA,Y
CGL,Y
CGU,Y
CH6,Y
CH7,N
CHG,Y
CHP,N
CHS,N
CIR,Y
CIV,Y
CJO,Y
CKC,Y
CLV,Y
CME,N
CMH,N
CML,Y
CMT,N
CNT,N
COI,N
CPC,N
CPI,N
CPN,Y
CQ1,Y
CQ2,Y
CR0,Y
CR2,Y
CR5,Y
CR7,Y
CR8,Y
CRF,Y
CRG,Y
CRK,N
CRO,Y
CRQ,Y
CRU,Y
CRX,Y
CSB,N
CSD,N
CSH,Y
CSI,N
CSK,Y
CSO,Y
CSP,N
CSR,N
CSS,Y
CSU,N
CSX,N
CSZ,N
CTE,Y
CTH,N
CUD,Y
CUW,Y
CWR,N
CXM,N
CXP,N
CY1,N
CY4,N
CYJ,Y
CYS,N
CYW,Y
CZ2,Y
CZO,Y
CZS,Y
CZZ,Y
D0C,N
D0Q,Y
D11,N
D2T,Y
D3P,Y
D4P,Y
D8R,Y
DA2,Y
DAB,N
DAH,N
DAL,N
DAM,N
DAR,N
DAS,N
DAV,Y
DBB,Y
DBH,N
DBU,N
DBY,N
DBZ,Y
DC0,Y
DCL,Y
DCY,N
DDE,N
DDZ,Y
DFF,Y
DFI,N
DFO,N
DGL,N
DGN,N
DHA,N
DHI,N
DHL,N
DHV,N
DI7,Y
DI8,Y
DIB,N
DIL,N
DIV,N
DIX,N
DIY,N
DJD,N
DLE,N
DLY,N
DM0,N
DMG,Y
DMH,Y
DMK,Y
DMT,N
DNE,Y
DNG,N
DNM,Y
DNP,N
DNW,Y
DOA,Y
DPL,N
DPN,N
DPP,N
DPQ,Y
DPR,N
DQK,Y
DSE,N
DSG,N
DSN,N
DTH,Y
DTR,Y
DTY,N
DUG,N
DV7,Y
DV9,Y
DVA,N
DYA,Y
DYG,Y
DYL,Y
E03,Y
E1H,Y
E2G,N
E5X,N
E6F,Y
E7P,Y
E95,Y
E9C,N
E9M,N
E9V,N
ECC,Y
ECQ,Y
ECX,N
EDN,N
EE0,Y
EE3,Y
EEP,Y
EI4,Y
ELL,Y
ELY,N
EME,Y
EO2,Y
EOE,Y
ESB,Y
ESC,Y
ESD,Y
ETA,Y
EU0,Y
EUP,Y
EW6,N
EX8,Y
EXB,N
EXL,Y
EYG,Y
EYZ,Y
EZY,N
F2F,Y
F2Y,Y
F6N,Y
F75,Y
F7P,Y
F7S,Y
F7V,Y
F7W,Y
F93,Y
F9D,N
FBE,Y
FC0,N
FCL,Y
FE3,N
FF9,Y
FFL,N
FGA,N
FGL,N
FGP,Y
FH7,Y
FHE,Y
FHL,Y
FHO,Y
FIO,Y
FL6,Y
FLA,N
FLT,Y
FME,N
FOD,N
FOE,N
FP9,Y
FPK,Y
FPR,N
FQA,Y
FRD,N
FT6,N
FTR,N
FTY,N
FUM,Y
FVA,N
FY2,Y
FY3,Y
FZN,Y
G1X,N
G2Z,Y
G5G,Y
G8X,Y
GAU,Y
GG7,Y
GGB,Y
GGL,N
GHG,N
GHP,N
GIC,Y
GL3,N
GLJ,N
GLK,N
GLN,N
GLU,N
GLX,N
GLY,N
GLZ,Y
GM8,Y
GMA,Y
GME,N
GMO,Y
GNC,Y
GOA,Y
GPN,Y
GRN,Y
GSE,Y
GVE,Y
GYC,Y
GYS,Y
GZB,Y
GZJ,Y
GZS,N
H00,N
H14,Y
H5M,N
H7V,N
HAO,Y
HAQ,Y
HAR,N
HCI,N
HCL,N
HCS,Y
HD0,Y
HF2,Y
HFA,N
HG7,N
HGL,Y
HGM,Y
HGY,N
HHC,Y
HHK,N
HIC,N
HIP,N
HIQ,Y
HIS,N
HIX,Y
HJV,Y
HJY,Y
HL2,Y
HL5,Y
HLU,N
HLX,Y
HM7,N
HM8,Y
HM9,N
HMF,N
HMR,Y
HOO,Y
HOX,Y
HP9,N
HPE,N
HPH,N
HQA,Y
HR7,Y
HRG,Y
HS8,N
HSE,Y
HSK,Y
HSL,N
HSO,Y
HSV,Y
HT0,Y
HT7,Y
HTN,N
HTR,N
HTY,N
HVA,N
HY1,N
HY3,Y
HYP,N
HZP,Y
I1C,Y
I2F,Y
I2J,N
I2M,N
I3D,N
I4G,Y
I4O,N
I7F,Y
I7X,N
IAM,Y
IAR,N
IAS,N
IB9,N
IBU,N
IC0,Y
IEY,Y
IGL,N
II7,Y
IIC,Y
IIL,N
IL0,N
ILE,N
ILM,Y
ILX,N
ILY,Y
IML,N
IO8,Y
IOY,Y
IP8,N
IPG,Y
IPI,N
ITZ,Y
IVA,N
IYR,N
IZO,Y
J3D,Y
J3K,Y
J7H,Y
J8W,Y
J9A,Y
JBY,Y
JG3,Y
JKH,Y
JLP,Y
JMO,Y
JMX,N
KAC,Y
KBE,Y
KCJ,Y
KCQ,Y
KCR,Y
KCX,Y
KCY,Y
KEO,Y
KF2,N
KFB,Y
KHB,Y
KJW,Y
KPF,Y
KPI,N
KPN,Y
KPY,Y
KQ9,N
KV6,Y
KWS,Y
KXV,Y
KY4,Y
KY7,Y
KYN,N
KYQ,Y
KZ1,Y
KZ4,Y
KZ7,Y
KZG,Y
KZV,Y
KZY,Y
L2O,Y
L3O,Y
L4R,Y
LAC,Y
LAL,N
LAV,Y
LBZ,Y
LCK,Y
LDH,Y
LDO,Y
LE1,Y
LED,Y
LEF,N
LEI,Y
LEN,Y
LET,Y
LEU,N
LGY,Y
LHC,Y
LHE,Y
LHV,Y
LKE,Y
LLP,Y
LME,N
LML,N
LMQ,N
LOH,Y
LOU,Y
LOV,Y
LP6,Y
LPH,Y
LPL,N
LSO,Y
LTA,N
LTE,Y
LTU,N
LV8,Y
LVN,N
LWI,Y
LYF,Y
LYH,N
LYJ,Y
LYK,N
LYO,N
LYP,Y
LYS,N
LYT,N
LYV,Y
LYZ,N
M0H,Y
M2L,Y
M2S,N
M3L,N
M3V,Y
M9P,Y
MA,Y
MAA,N
MAZ,N
MBQ,Y
MCM,N
MCR,Y
MCS,Y
MDF,N
MDH,N
MDO,Y
ME0,Y
MEA,N
MED,N
MEG,N
MEN,N
MEQ,N
MET,N
MEU,Y
MFC,Y
MFD,Y
MFH,Y
MFV,Y
MGG,N
MGN,N
MH6,N
MH8,Y
MHE,Y
MHL,N
MHO,N
MHS,N
MHU,N
MHV,N
MHW,N
MHY,Y
MJ1,Y
MK8,Y
MKD,Y
MKE,Y
ML3,Y
MLE,N
MLL,Y
MLU,N
MLY,N
MLZ,N
MME,N
MMO,Y
MN1,Y
MN2,Y
MN7,Y
MN8,Y
MND,N
MNL,N
MOZ,N
MP4,N
MP8,Y
MPQ,Y
MPR,N
MPT,N
MS6,Y
MSA,N
MSE,Y
MSO,Y
MSU,N
MT2,Y
MTY,N
MV9,N
MVA,N
MX3,Y
MX4,Y
MX5,N
MY1,Y
MY2,Y
MY3,Y
MY5,Y
MYN,Y
N0A,Y
N2C,N
N65,Y
N80,Y
N9K,Y
N9P,Y
NA8,Y
NAK,Y
NAL,N
NBQ,Y
NCB,N
NCY,N
NEP,N
NFK,Y
NH2,N
NIT,N
NIY,N
NLB,Y
NLE,Y
NLF,N
NLO,Y
NLY,Y
NMC,Y
NMI,N
NMK,N
NMM,N
NOR,Y
NR0,Y
NRG,Y
NRL,Y
NRP,Y
NRQ,Y
NSF,Y
NSU,Y
NTA,Y
NVA,N
NYB,N
NYG,Y
NZC,Y
O0B,Y
O4Q,N
O65,N
O6H,Y
O7D,Y
O7G,N
OAR,Y
OAS,N
OBF,Y
OBS,Y
OCE,Y
OCQ,Y
OCS,Y
OCY,N
ODA,Y
OEM,Y
OFM,Y
OG9,N
OGZ,N
OHD,Y
OHI,Y
OIC,N
OIL,N
OIM,Y
OLT,Y
OMT,N
OMX,Y
OMY,Y
OMZ,N
ONL,Y
OO1,N
OPR,Y
ORD,N
ORN,N
ORQ,N
ORT,Y
OSE,N
OSL,N
OTH,Y
OTY,Y
OTZ,Y
OUD,Y
OUE,Y
OUH,Y
OUI,Y
OUK,Y
OUR,Y
OV7,Y
OWF,Y
OXJ,N
OYL,Y
OZT,Y
OZW,Y
P1V,Y
P2Q,Y
P3Q,Y
P4E,Y
P6S,N
PAC,N
PAQ,N
PAT,N
PBE,N
PBF,Y
PCA,N
PDF,Y
PDW,N
PEA,N
PF5,N
PFF,N
PG9,N
PGA,N
PH6,N
PH8,Y
PHA,N
PHD,N
PHE,N
PHI,N
PHL,N
PHQ,N
PIA,Y
PIP,N
PIV,N
PJJ,Y
PLF,Y
PLJ,N
PLW,Y
PM3,Y
POK,Y
POL,N
POM,N
PPI,N
PPN,N
PQ4,N
PQG,Y
PRA,N
PRJ,N
PRK,N
PRO,N
PRQ,Y
PRR,N
PRS,N
PRV,Y
PRW,Y
PSA,N
PSH,Y
PSW,Y
PTH,N
PTM,N
PTR,Y
PUK,Y
PVA,Y
PVH,Y
PVO,Y
PX1,Y
PXA,Y
PXF,Y
PXU,Y
PXZ,Y
PYA,N
PYR,Y
Q2E,Y
Q2K,Y
Q3S,Y
Q75,Y
Q78,Y
QC4,Y
QCA,Y
QCD,Y
QCI,N
QCN,Y
QCS,Y
QF0,Y
QFG,Y
QIL,N
QLG,Y
QM8,N
QMB,N
QMM,N
QPA,Y
QPH,N
QQ8,Y
QQB,Y
QSC,N
QUA,N
QYG,Y
QYX,Y
QZA,Y
R2T,N
R4K,N
R6E,Y
RC7,Y
RE0,Y
RE3,Y
RF9,Y
RGI,Y
RGL,Y
RGP,Y
RNG,N
RPI,Y
RTY,Y
RVJ,Y
RX9,N
RXL,N
RYH,N
RZ4,Y
S7Z,Y
SAR,N
SCH,N
SCS,Y
SCY,N
SD4,Y
SE7,N
SEC,N
SEE,N
SEL,Y
SEM,N
SEP,N
SER,N
SGZ,N
SIC,Y
SJW,N
SKG,Y
SL5,Y
SLL,N
SLZ,N
SMC,N
SME,N
SMF,N
SNC,N
SNM,Y
SNN,Y
SOQ,Y
SOW,Y
SQ6,Y
SRZ,Y
STA,Y
SUI,Y
SUJ,Y
SVA,N
SWG,Y
SWW,Y
SYS,Y
SZF,Y
SZR,Y
T09,Y
T17,N
T2X,Y
T3,Y
T3R,Y
T44,Y
T69,N
T79,N
T7C,Y
T7H,Y
T8L,Y
T9E,N
TA2,Y
TA4,N
TBF,N
TBG,N
TCQ,N
TDD,N
TDF,Y
TEE,N
TFW,N
TH5,Y
TH6,Y
THC,N
THO,N
THR,N
TIG,Y
TIH,N
TIS,Y
TKL,Y
TLX,N
TLY,N
TMD,N
TOQ,Y
TOX,Y
TOZ,Y
TPJ,N
TPL,Y
TPN,Y
TPO,N
TPQ,N
TQQ,N
TQZ,N
TRF,N
TRM,N
TRN,N
TRO,N
TRP,N
TRQ,N
TRX,N
TS9,N
TSQ,Y
TSY,Y
TTQ,N
TTS,N
TUK,Y
TVA,Y
TXY,Y
TY1,N
TY2,Y
TY5,Y
TY8,Y
TYB,N
TYE,Y
TYI,N
TYJ,Y
TYO,Y
TYQ,N
TYR,N
TYS,Y
TYT,Y
TYW,Y
TYY,N
TYZ,N
U2M,Y
U2X,Y
U3X,Y
U67,N
U6A,Y
UAL,Y
UB4,N
UIA,Y
UIL,Y
UKD,Y
UKY,Y
UN1,Y
UNK,N
UQ4,N
URL,Y
URV,Y
USC,N
UU4,Y
UU5,Y
UX8,N
UXQ,Y
UXS,Y
UXY,Y
UZ1,N
UZ4,Y
UZ7,N
UZA,Y
UZN,Y
V1V,Y
V44,Y
V5N,N
V61,Y
V7P,Y
V7T,Y
V8N,Y
V9C,N
V9M,Y
VAD,N
VAL,N
VDE,Y
VDK,N
VDL,Y
VDQ,N
VHF,Y
VI3,Y
VLL,Y
VLT,Y
VME,Y
VOL,Y
VPV,Y
VR0,N
VUB,Y
VYA,Y
WCR,Y
WFP,N
WLU,Y
WPA,Y
WRP,Y
WVL,Y
WZJ,Y
X5H,Y
X5P,Y
X9Q,Y
XA6,Y
XCN,Y
XCP,Y
XDD,Y
XDJ,Y
XDY,Y
XFW,N
XPC,Y
XPL,Y
XPR,N
XW1,Y
XXA,Y
XXY,Y
XY1,Y
XY5,Y
XYC,N
XYG,Y
XZA,Y
XZP,Y
Y1V,Y
Y1Y,Y
Y2Y,Y
Y57,N
YAC,N
YCM,N
YCP,Y
YHA,N
YNM,N
YOF,N
YOP,N
YPZ,N
YTF,Y
YTH,N
YYA,Y
Z3E,N
Z7Z,N
ZAE,N
ZAL,Y
ZBZ,N
ZCL,N
ZDJ,Y
ZGL,Y
ZIQ,Y
ZNY,Y
ZO1,N
ZPO,N
ZS8,Y
ZSC,Y
ZSN,N
ZT1,Y
ZU0,N
ZUK,Y
ZV4,Y
ZXW,Y
ZYJ,Y
ZYK,Y
ZZU,Y
